Altium Designer Pick and Place Locations
C:\Users\Public\Documents\Altium\PCB_Project_1.5\Project Outputs for PCB_Project_1\Pick Place\Pick Place for PCB1.csv

========================================================================================================================
File Design Information:

Date:       12/12/23
Time:       20:55
Revision:   Not in VersionControl
Variant:    No variations
Units used: mil

"Designator","Comment","Layer","Footprint","Center-X(mil)","Center-Y(mil)","Rotation","Description"
"LED1","HLMP-6820","TopLayer","HLMP6820","287.079","684.000","0","LED"
"U2","TPS62993QRYTRQ1","TopLayer","RYT0009A-MFG","371.136","241.980","90","No Description Available"
"U1","MAX16150AUT+T","TopLayer","FP-U6-1-MFG","379.980","578.465","0","IC SUPERVISOR 1 CHANNEL SOT23-6"
"R10","AC0402FR-7W4K7L","TopLayer","FP-AC0402-MFG","612.685","264.000","180","RES 4.7kO �1% 0.125W 0402"
"R9","CRCW0402249KFKED","TopLayer","RESC1005X40N","247.654","208.000","180","Resistor"
"R8","CRCW040240K2FKED","TopLayer","RESC1005X40N","247.654","274.000","180","Resistor"
"R7","CRCW060310R0FKEA","TopLayer","FP-CRCW0603-e3-IPC_A","637.000","469.000","0","RES Thick Film, 10O, 1%, 0.1W, 100ppm/�C, 0603"
"R6","100KR2F","TopLayer","RESC0402(1005)_L","452.000","437.000","90","100K 0.063W 1% 0402 (1005 Metric)  SMD"
"R5","100KR2F","TopLayer","RESC0402(1005)_L","513.000","455.000","0","100K 0.063W 1% 0402 (1005 Metric)  SMD"
"R4","CRCW0603100KFKEA","TopLayer","RESC1608X50N","383.528","130.000","0","Resistor"
"R3","100KR2F","TopLayer","RESC0402(1005)_L","441.000","326.000","180","100K 0.063W 1% 0402 (1005 Metric)  SMD"
"R2","10KR2F","TopLayer","RESC0402(1005)_L","379.697","454.465","180","10K 0.063W 1% 0402 (1005 Metric)  SMD"
"R1","10KR2F","TopLayer","RESC0402(1005)_L","379.697","482.465","180","10K 0.063W 1% 0402 (1005 Metric)  SMD"
"P2","61300211121","TopLayer","61300211121","954.000","337.000","90",""
"LED2","AA3528VRVCS_A","TopLayer","LEDM3528X210N","773.000","246.000","180","LED"
"L2","B82422A1103K100","TopLayer","FP-B82422A-MFG","803.000","423.000","0","FIXED IND 10UH 180MA 1.6 OHM SMD"
"L1","XFL4020-102MEB","TopLayer","XFL4020102MEB","559.000","117.000","90","Inductor"
"J1","87224-3","TopLayer","FP-87224-3-MFG","76.000","337.000","90","CONN HEADER VERT 3POS 2.54MM"
"C4","GRM155R61A102KA01D","TopLayer","CAPC1005X55N","250.890","241.000","180","Capacitor"
"C3","C0402C104K8PACTU","TopLayer","FP-C0402-BB-MFG","673.000","351.000","270","CAP CER 0.1UF 10V X5R 0402"
"C2","GRM21BD70J226ME44L","TopLayer","CAPC2012X145N","573.000","346.000","0","Capacitor"
"C1","C0805C106K8PACTU","TopLayer","C0805","389.567","379.000","0","Capacitor"
